FROM_TABLE,FROM_KEY,TO_TABLE,TO_KEY,SOURCE,MATURITY_LEVEL,MEMO
SID_ABE,1.Market Sales Domain,SID_ABE,top,Information_Framework_SID_Excel_Format_v21.0,4,
SID_ABE,1.Competitor ABE,SID_ABE,1.Market Sales Domain,Information_Framework_SID_Excel_Format_v21.0,4,
SID_ABE,1.Competitor Intelligence ABE,SID_ABE,1.Competitor ABE,Information_Framework_SID_Excel_Format_v21.0,4,
SID_ABE,1.Competitor Product Correlation ABE,SID_ABE,1.Competitor ABE,Information_Framework_SID_Excel_Format_v21.0,4,
SID_ABE,1.Contact Lead Prospect ABE,SID_ABE,1.Market Sales Domain,Information_Framework_SID_Excel_Format_v21.0,4,
SID_ABE,1.Market & Sales Strategy Plan ABE,SID_ABE,1.Market Sales Domain,Information_Framework_SID_Excel_Format_v21.0,4,
SID_ABE,1.Market Sales Forecast ABE,SID_ABE,1.Market Sales Domain,Information_Framework_SID_Excel_Format_v21.0,4,
SID_ABE,1.Market Sales Party Roles ABE,SID_ABE,1.Market Sales Domain,Information_Framework_SID_Excel_Format_v21.0,4,
SID_ABE,1.Market Sales Statistics ABE,SID_ABE,1.Market Sales Domain,Information_Framework_SID_Excel_Format_v21.0,4,
SID_ABE,1.Market Segment ABE,SID_ABE,1.Market Sales Domain,Information_Framework_SID_Excel_Format_v21.0,4,
SID_ABE,1.Marketing Campaign ABE,SID_ABE,1.Market Sales Domain,Information_Framework_SID_Excel_Format_v21.0,4,
SID_ABE,1.Sales Channel ABE,SID_ABE,1.Market Sales Domain,Information_Framework_SID_Excel_Format_v21.0,4,
SID_ABE,1.Sales Commission ABE,SID_ABE,1.Market Sales Domain,Information_Framework_SID_Excel_Format_v21.0,4,
SID_ABE,3.Customer Domain,SID_ABE,top,Information_Framework_SID_Excel_Format_v21.0,4,
SID_ABE,3.Applied Customer Billing Rate ABE,SID_ABE,3.Customer Domain,Information_Framework_SID_Excel_Format_v21.0,4,
SID_ABE,3.Applied Customer Billing Rate Spec ABE,SID_ABE,3.Applied Customer Billing Rate ABE,Information_Framework_SID_Excel_Format_v21.0,4,
SID_ABE,3.Customer Bill ABE,SID_ABE,3.Customer Domain,Information_Framework_SID_Excel_Format_v21.0,4,
SID_ABE,3.Customer Billing Statistic ABE,SID_ABE,3.Customer Bill ABE,Information_Framework_SID_Excel_Format_v21.0,4,
SID_ABE,3.Customer Bill Collection ABE,SID_ABE,3.Customer Domain,Information_Framework_SID_Excel_Format_v21.0,4,
SID_ABE,3.Customer Payment ABE,SID_ABE,3.Customer Bill Collection ABE,Information_Framework_SID_Excel_Format_v21.0,4,
SID_ABE,3.Dunning ABE,SID_ABE,3.Customer Bill Collection ABE,Information_Framework_SID_Excel_Format_v21.0,4,
SID_ABE,3.Customer Bill Inquiry ABE,SID_ABE,3.Customer Domain,Information_Framework_SID_Excel_Format_v21.0,4,
SID_ABE,3.Customer Billing Account ABE,SID_ABE,3.Customer Domain,Information_Framework_SID_Excel_Format_v21.0,4,
SID_ABE,3.Customer Billing Credit ABE,SID_ABE,3.Customer Billing Account ABE,Information_Framework_SID_Excel_Format_v21.0,4,
SID_ABE,3.Customer Interaction ABE,SID_ABE,3.Customer Domain,Information_Framework_SID_Excel_Format_v21.0,4,
SID_ABE,3.Customer Party Roles ABE,SID_ABE,3.Customer Domain,Information_Framework_SID_Excel_Format_v21.0,4,
SID_ABE,3.Customer Problem ABE,SID_ABE,3.Customer Domain,Information_Framework_SID_Excel_Format_v21.0,4,
SID_ABE,3.Customer Product Order ABE,SID_ABE,3.Customer Domain,Information_Framework_SID_Excel_Format_v21.0,4,
SID_ABE,3.Customer Service Level Agreement ABE,SID_ABE,3.Customer Domain,Information_Framework_SID_Excel_Format_v21.0,4,
SID_ABE,3.Customer Statistic ABE,SID_ABE,3.Customer Domain,Information_Framework_SID_Excel_Format_v21.0,4,
SID_ABE,2.Product Domain,SID_ABE,top,Information_Framework_SID_Excel_Format_v21.0,4,
SID_ABE,2.Loyalty ABE,SID_ABE,2.Product Domain,Information_Framework_SID_Excel_Format_v21.0,4,
SID_ABE,2.Loyalty Program ABE,SID_ABE,2.Loyalty ABE,Information_Framework_SID_Excel_Format_v21.0,4,
SID_ABE,2.Loyalty Program Specification ABE,SID_ABE,2.Loyalty ABE,Information_Framework_SID_Excel_Format_v21.0,4,
SID_ABE,2.Product ABE,SID_ABE,2.Product Domain,Information_Framework_SID_Excel_Format_v21.0,4,
SID_ABE,2.Example Product Entities ABE,SID_ABE,2.Product ABE,Information_Framework_SID_Excel_Format_v21.0,4,
SID_ABE,2.Network Product ABE,SID_ABE,2.Product ABE,Information_Framework_SID_Excel_Format_v21.0,4,
SID_ABE,2.Product Price ABE,SID_ABE,2.Product ABE,Information_Framework_SID_Excel_Format_v21.0,4,
SID_ABE,2.Usage Volume Product ABE,SID_ABE,2.Product ABE,Information_Framework_SID_Excel_Format_v21.0,4,
SID_ABE,2.Product Capacity ABE,SID_ABE,2.Product Domain,Information_Framework_SID_Excel_Format_v21.0,4,
SID_ABE,2.Product Configuration ABE,SID_ABE,2.Product Domain,Information_Framework_SID_Excel_Format_v21.0,4,
SID_ABE,2.Product Action ABE,SID_ABE,2.Product Configuration ABE,Information_Framework_SID_Excel_Format_v21.0,4,
SID_ABE,2.Product Offering ABE,SID_ABE,2.Product Domain,Information_Framework_SID_Excel_Format_v21.0,4,
SID_ABE,2.Pricing Logic Algorithm ABE,SID_ABE,2.Product Offering ABE,Information_Framework_SID_Excel_Format_v21.0,4,
SID_ABE,2.PLA Spec ABE,SID_ABE,2.Pricing Logic Algorithm ABE,Information_Framework_SID_Excel_Format_v21.0,4,
SID_ABE,2.Product Catalog ABE,SID_ABE,2.Product Offering ABE,Information_Framework_SID_Excel_Format_v21.0,4,
SID_ABE,2.Product Offering Price ABE,SID_ABE,2.Product Offering ABE,Information_Framework_SID_Excel_Format_v21.0,4,
SID_ABE,2.Product Offering Price Rule ABE,SID_ABE,2.Product Offering ABE,Information_Framework_SID_Excel_Format_v21.0,4,
SID_ABE,2.Product Offering Price Tax ABE,SID_ABE,2.Product Offering ABE,Information_Framework_SID_Excel_Format_v21.0,4,
SID_ABE,2.Product Placement ABE,SID_ABE,2.Product Offering ABE,Information_Framework_SID_Excel_Format_v21.0,4,
SID_ABE,2.Product Promotion ABE,SID_ABE,2.Product Offering ABE,Information_Framework_SID_Excel_Format_v21.0,4,
SID_ABE,2.Product Specification ABE,SID_ABE,2.Product Domain,Information_Framework_SID_Excel_Format_v21.0,4,
SID_ABE,2.Example Product Specification Entities ABE,SID_ABE,2.Product Specification ABE,Information_Framework_SID_Excel_Format_v21.0,4,
SID_ABE,2.Goods and Shipping Product Spec ABE,SID_ABE,2.Product Specification ABE,Information_Framework_SID_Excel_Format_v21.0,4,
SID_ABE,2.Network Product Spec ABE,SID_ABE,2.Product Specification ABE,Information_Framework_SID_Excel_Format_v21.0,4,
SID_ABE,2.Usage Volume Product Spec ABE,SID_ABE,2.Product Specification ABE,Information_Framework_SID_Excel_Format_v21.0,4,
SID_ABE,2.Product Test ABE,SID_ABE,2.Product Domain,Information_Framework_SID_Excel_Format_v21.0,4,
SID_ABE,2.Product Usage ABE,SID_ABE,2.Product Domain,Information_Framework_SID_Excel_Format_v21.0,4,
SID_ABE,2.Product Usage Spec ABE,SID_ABE,2.Product Usage ABE,Information_Framework_SID_Excel_Format_v21.0,4,
SID_ABE,4.Service Domain,SID_ABE,top,Information_Framework_SID_Excel_Format_v21.0,4,
SID_ABE,4.Service ABE,SID_ABE,4.Service Domain,Information_Framework_SID_Excel_Format_v21.0,4,
SID_ABE,4.Customer Facing Service ABE,SID_ABE,4.Service ABE,Information_Framework_SID_Excel_Format_v21.0,4,
SID_ABE,4.Customer Facing Service Example ABE,SID_ABE,4.Customer Facing Service ABE,Information_Framework_SID_Excel_Format_v21.0,4,
SID_ABE,4.CustomerFacing Service Role ABE,SID_ABE,4.Customer Facing Service ABE,Information_Framework_SID_Excel_Format_v21.0,4,
SID_ABE,4.Resource Facing Service ABE,SID_ABE,4.Service ABE,Information_Framework_SID_Excel_Format_v21.0,4,
SID_ABE,4.Resource Facing Service Examples ABE,SID_ABE,4.Resource Facing Service ABE,Information_Framework_SID_Excel_Format_v21.0,4,
SID_ABE,4.Resource Facing Service Role ABE,SID_ABE,4.Resource Facing Service ABE,Information_Framework_SID_Excel_Format_v21.0,4,
SID_ABE,4.Service Capacity ABE,SID_ABE,4.Service Domain,Information_Framework_SID_Excel_Format_v21.0,4,
SID_ABE,4.Service Configuration ABE,SID_ABE,4.Service Domain,Information_Framework_SID_Excel_Format_v21.0,4,
SID_ABE,4.Service Order ABE,SID_ABE,4.Service Domain,Information_Framework_SID_Excel_Format_v21.0,4,
SID_ABE,4.Service Party Roles ABE,SID_ABE,4.Service Domain,Information_Framework_SID_Excel_Format_v21.0,4,
SID_ABE,4.Service Performance ABE,SID_ABE,4.Service Domain,Information_Framework_SID_Excel_Format_v21.0,4,
SID_ABE,4.Service Level Spec ABE,SID_ABE,4.Service Performance ABE,Information_Framework_SID_Excel_Format_v21.0,4,
SID_ABE,4.Service Performance Specification ABE,SID_ABE,4.Service Performance ABE,Information_Framework_SID_Excel_Format_v21.0,4,
SID_ABE,4.Service Problem ABE,SID_ABE,4.Service Domain,Information_Framework_SID_Excel_Format_v21.0,4,
SID_ABE,4.Service Specification ABE,SID_ABE,4.Service Domain,Information_Framework_SID_Excel_Format_v21.0,4,
SID_ABE,4.Customer Facing Service Spec ABE,SID_ABE,4.Service Specification ABE,Information_Framework_SID_Excel_Format_v21.0,4,
SID_ABE,4.Customer Facing Service Spec Examples ABE,SID_ABE,4.Customer Facing Service Spec ABE,Information_Framework_SID_Excel_Format_v21.0,4,
SID_ABE,4.Customer Facing Service Spec Role ABE,SID_ABE,4.Customer Facing Service Spec ABE,Information_Framework_SID_Excel_Format_v21.0,4,
SID_ABE,4.Service Package ABE,SID_ABE,4.Customer Facing Service Spec ABE,Information_Framework_SID_Excel_Format_v21.0,4,
SID_ABE,4.Service Package Spec Examples ABE,SID_ABE,4.Service Package ABE,Information_Framework_SID_Excel_Format_v21.0,4,
SID_ABE,4.Resource Facing Service Spec ABE,SID_ABE,4.Service Specification ABE,Information_Framework_SID_Excel_Format_v21.0,4,
SID_ABE,4.Resource Facing Service Spec Role ABE,SID_ABE,4.Resource Facing Service Spec ABE,Information_Framework_SID_Excel_Format_v21.0,4,
SID_ABE,4.Service Bundle ABE,SID_ABE,4.Resource Facing Service Spec ABE,Information_Framework_SID_Excel_Format_v21.0,4,
SID_ABE,4.Service Bundle Examples ABE,SID_ABE,4.Service Bundle ABE,Information_Framework_SID_Excel_Format_v21.0,4,
SID_ABE,4.Service Catalog ABE,SID_ABE,4.Service Specification ABE,Information_Framework_SID_Excel_Format_v21.0,4,
SID_ABE,4.Service Strategy & Plan ABE,SID_ABE,4.Service Domain,Information_Framework_SID_Excel_Format_v21.0,4,
SID_ABE,4.Service Test ABE,SID_ABE,4.Service Domain,Information_Framework_SID_Excel_Format_v21.0,4,
SID_ABE,4.Service Usage ABE,SID_ABE,4.Service Domain,Information_Framework_SID_Excel_Format_v21.0,4,
SID_ABE,4.TIP Service Management ABE,SID_ABE,4.Service Domain,Information_Framework_SID_Excel_Format_v21.0,4,
SID_ABE,5.Resource Domain,SID_ABE,top,Information_Framework_SID_Excel_Format_v21.0,4,
SID_ABE,5.Resource ABE,SID_ABE,5.Resource Domain,Information_Framework_SID_Excel_Format_v21.0,4,
SID_ABE,5.Compound Resource ABE,SID_ABE,5.Resource ABE,Information_Framework_SID_Excel_Format_v21.0,4,
SID_ABE,5.Logical Resource ABE,SID_ABE,5.Resource ABE,Information_Framework_SID_Excel_Format_v21.0,4,
SID_ABE,5.Address ABE,SID_ABE,5.Logical Resource ABE,Information_Framework_SID_Excel_Format_v21.0,4,
SID_ABE,5.Computing and Software ABE,SID_ABE,5.Logical Resource ABE,Information_Framework_SID_Excel_Format_v21.0,4,
SID_ABE,5.Software Resource and Software ABE,SID_ABE,5.Computing and Software ABE,Information_Framework_SID_Excel_Format_v21.0,4,
SID_ABE,5.Converged Network ABE,SID_ABE,5.Logical Resource ABE,Information_Framework_SID_Excel_Format_v21.0,4,
SID_ABE,5.LogicalResource Examples ABE,SID_ABE,5.Logical Resource ABE,Information_Framework_SID_Excel_Format_v21.0,4,
SID_ABE,5.Management Information ABE,SID_ABE,5.Logical Resource ABE,Information_Framework_SID_Excel_Format_v21.0,4,
SID_ABE,5.Accounting ABE,SID_ABE,5.Management Information ABE,Information_Framework_SID_Excel_Format_v21.0,4,
SID_ABE,5.Management Method ABE,SID_ABE,5.Management Information ABE,Information_Framework_SID_Excel_Format_v21.0,4,
SID_ABE,5.Performance Info ABE,SID_ABE,5.Management Information ABE,Information_Framework_SID_Excel_Format_v21.0,4,
SID_ABE,5.Resource State ABE,SID_ABE,5.Management Information ABE,Information_Framework_SID_Excel_Format_v21.0,4,
SID_ABE,5.Resource Statistical ABE,SID_ABE,5.Management Information ABE,Information_Framework_SID_Excel_Format_v21.0,4,
SID_ABE,5.Security ABE,SID_ABE,5.Management Information ABE,Information_Framework_SID_Excel_Format_v21.0,4,
SID_ABE,5.Service State ABE,SID_ABE,5.Management Information ABE,Information_Framework_SID_Excel_Format_v21.0,4,
SID_ABE,5.Service Statistical Info ABE,SID_ABE,5.Management Information ABE,Information_Framework_SID_Excel_Format_v21.0,4,
SID_ABE,5.Protocol Service ABE,SID_ABE,5.Logical Resource ABE,Information_Framework_SID_Excel_Format_v21.0,4,
SID_ABE,5.Bridging Protocols ABE,SID_ABE,5.Protocol Service ABE,Information_Framework_SID_Excel_Format_v21.0,4,
SID_ABE,5.LAN Protocols ABE,SID_ABE,5.Protocol Service ABE,Information_Framework_SID_Excel_Format_v21.0,4,
SID_ABE,5.Management Protocols ABE,SID_ABE,5.Protocol Service ABE,Information_Framework_SID_Excel_Format_v21.0,4,
SID_ABE,5.Routed Protocols ABE,SID_ABE,5.Protocol Service ABE,Information_Framework_SID_Excel_Format_v21.0,4,
SID_ABE,5.Routing Protocols ABE,SID_ABE,5.Protocol Service ABE,Information_Framework_SID_Excel_Format_v21.0,4,
SID_ABE,5.Signaling Protocols ABE,SID_ABE,5.Protocol Service ABE,Information_Framework_SID_Excel_Format_v21.0,4,
SID_ABE,5.Switching Protocols ABE,SID_ABE,5.Protocol Service ABE,Information_Framework_SID_Excel_Format_v21.0,4,
SID_ABE,5.WAN Protocols ABE,SID_ABE,5.Protocol Service ABE,Information_Framework_SID_Excel_Format_v21.0,4,
SID_ABE,5.Resource Number ABE,SID_ABE,5.Logical Resource ABE,Information_Framework_SID_Excel_Format_v21.0,4,
SID_ABE,5.Statistics ABE,SID_ABE,5.Logical Resource ABE,Information_Framework_SID_Excel_Format_v21.0,4,
SID_ABE,5.TIP Logical Resource ABE,SID_ABE,5.Logical Resource ABE,Information_Framework_SID_Excel_Format_v21.0,4,
SID_ABE,5.Network Resource Fulfillment ABE,SID_ABE,5.TIP Logical Resource ABE,Information_Framework_SID_Excel_Format_v21.0,4,
SID_ABE,5.Physical Resource ABE,SID_ABE,5.Resource ABE,Information_Framework_SID_Excel_Format_v21.0,4,
SID_ABE,5.Auxiliary Component ABE,SID_ABE,5.Physical Resource ABE,Information_Framework_SID_Excel_Format_v21.0,4,
SID_ABE,5.Equipment ABE,SID_ABE,5.Physical Resource ABE,Information_Framework_SID_Excel_Format_v21.0,4,
SID_ABE,5.Equipment Holder ABE,SID_ABE,5.Physical Resource ABE,Information_Framework_SID_Excel_Format_v21.0,4,
SID_ABE,5.HolderAtomic ABE,SID_ABE,5.Equipment Holder ABE,Information_Framework_SID_Excel_Format_v21.0,4,
SID_ABE,5.HolderComposite ABE,SID_ABE,5.Equipment Holder ABE,Information_Framework_SID_Excel_Format_v21.0,4,
SID_ABE,5.Hardware ABE,SID_ABE,5.Physical Resource ABE,Information_Framework_SID_Excel_Format_v21.0,4,
SID_ABE,5.Physical Capacity ABE,SID_ABE,5.Physical Resource ABE,Information_Framework_SID_Excel_Format_v21.0,4,
SID_ABE,5.Physical Component ABE,SID_ABE,5.Physical Resource ABE,Information_Framework_SID_Excel_Format_v21.0,4,
SID_ABE,5.Physical Device ABE,SID_ABE,5.Physical Resource ABE,Information_Framework_SID_Excel_Format_v21.0,4,
SID_ABE,5.Physical Role ABE,SID_ABE,5.Physical Resource ABE,Information_Framework_SID_Excel_Format_v21.0,4,
SID_ABE,5.Pysical Role Example ABE,SID_ABE,5.Physical Role ABE,Information_Framework_SID_Excel_Format_v21.0,4,
SID_ABE,5.ResourceRole System View ABE,SID_ABE,5.Resource ABE,Information_Framework_SID_Excel_Format_v21.0,4,
SID_ABE,5.TIP Resource ABE,SID_ABE,5.Resource ABE,Information_Framework_SID_Excel_Format_v21.0,4,
SID_ABE,5.Network Resource Assurance ABE,SID_ABE,5.TIP Resource ABE,Information_Framework_SID_Excel_Format_v21.0,4,
SID_ABE,5.Network Resource Basic ABE,SID_ABE,5.TIP Resource ABE,Information_Framework_SID_Excel_Format_v21.0,4,
SID_ABE,5.Resource Capacity ABE,SID_ABE,5.Resource Domain,Information_Framework_SID_Excel_Format_v21.0,4,
SID_ABE,5.Resource Configuration ABE,SID_ABE,5.Resource Domain,Information_Framework_SID_Excel_Format_v21.0,4,
SID_ABE,5.Resource Order ABE,SID_ABE,5.Resource Domain,Information_Framework_SID_Excel_Format_v21.0,4,
SID_ABE,5.Resource Number Portability ABE,SID_ABE,5.Resource Order ABE,Information_Framework_SID_Excel_Format_v21.0,4,
SID_ABE,5.Resource Number Portability Role ABE,SID_ABE,5.Resource Order ABE,Information_Framework_SID_Excel_Format_v21.0,4,
SID_ABE,5.Resource Party Roles ABE,SID_ABE,5.Resource Domain,Information_Framework_SID_Excel_Format_v21.0,4,
SID_ABE,5.Resource Performance ABE,SID_ABE,5.Resource Domain,Information_Framework_SID_Excel_Format_v21.0,4,
SID_ABE,5.Resource Specification ABE,SID_ABE,5.Resource Domain,Information_Framework_SID_Excel_Format_v21.0,4,
SID_ABE,5.CompoundResource Specification ABE,SID_ABE,5.Resource Specification ABE,Information_Framework_SID_Excel_Format_v21.0,4,
SID_ABE,5.LogicalResource Specification ABE,SID_ABE,5.Resource Specification ABE,Information_Framework_SID_Excel_Format_v21.0,4,
SID_ABE,5.Logical Role Specification ABE,SID_ABE,5.LogicalResource Specification ABE,Information_Framework_SID_Excel_Format_v21.0,4,
SID_ABE,5.LogicalResource Spec Examples ABE,SID_ABE,5.LogicalResource Specification ABE,Information_Framework_SID_Excel_Format_v21.0,4,
SID_ABE,5.Software Resource and Software Specifications ABE,SID_ABE,5.LogicalResource Specification ABE,Information_Framework_SID_Excel_Format_v21.0,4,
SID_ABE,5.Software Resource Specification ABE,SID_ABE,5.Software Resource and Software Specifications ABE,Information_Framework_SID_Excel_Format_v21.0,4,
SID_ABE,5.Software Specification ABE,SID_ABE,5.Software Resource and Software Specifications ABE,Information_Framework_SID_Excel_Format_v21.0,4,
SID_ABE,5.PhysicalResource Specification ABE,SID_ABE,5.Resource Specification ABE,Information_Framework_SID_Excel_Format_v21.0,4,
SID_ABE,5.Physical Role Specification ABE,SID_ABE,5.PhysicalResource Specification ABE,Information_Framework_SID_Excel_Format_v21.0,4,
SID_ABE,5.Resource Catalog ABE,SID_ABE,5.Resource Specification ABE,Information_Framework_SID_Excel_Format_v21.0,4,
SID_ABE,5.Resource Strategy & Plan ABE,SID_ABE,5.Resource Domain,Information_Framework_SID_Excel_Format_v21.0,4,
SID_ABE,5.Resource Test ABE,SID_ABE,5.Resource Domain,Information_Framework_SID_Excel_Format_v21.0,4,
SID_ABE,5.Resource Topology ABE,SID_ABE,5.Resource Domain,Information_Framework_SID_Excel_Format_v21.0,4,
SID_ABE,5.Resource Trouble ABE,SID_ABE,5.Resource Domain,Information_Framework_SID_Excel_Format_v21.0,4,
SID_ABE,5.Alarm ABE,SID_ABE,5.Resource Trouble ABE,Information_Framework_SID_Excel_Format_v21.0,4,
SID_ABE,5.Alarm Severity Assignment Profile ABE,SID_ABE,5.Resource Trouble ABE,Information_Framework_SID_Excel_Format_v21.0,4,
SID_ABE,5.Resource Usage ABE,SID_ABE,5.Resource Domain,Information_Framework_SID_Excel_Format_v21.0,4,
SID_ABE,5.Stock Item ABE,SID_ABE,5.Resource Domain,Information_Framework_SID_Excel_Format_v21.0,4,
SID_ABE,6.Business Partner Domain,SID_ABE,top,Information_Framework_SID_Excel_Format_v21.0,4,
SID_ABE,6.Applied Party Billing Rate ABE,SID_ABE,6.Business Partner Domain,Information_Framework_SID_Excel_Format_v21.0,4,
SID_ABE,6.Business Partner Account ABE,SID_ABE,6.Business Partner Domain,Information_Framework_SID_Excel_Format_v21.0,4,
SID_ABE,6.Business Partner Party Roles ABE,SID_ABE,6.Business Partner Domain,Information_Framework_SID_Excel_Format_v21.0,4,
SID_ABE,6.Business Partner Product Order ABE,SID_ABE,6.Business Partner Domain,Information_Framework_SID_Excel_Format_v21.0,4,
SID_ABE,6.Party Bill ABE,SID_ABE,6.Business Partner Domain,Information_Framework_SID_Excel_Format_v21.0,4,
SID_ABE,6.Party Billing Credit ABE,SID_ABE,6.Party Bill ABE,Information_Framework_SID_Excel_Format_v21.0,4,
SID_ABE,6.Party Billing Statistic ABE,SID_ABE,6.Party Bill ABE,Information_Framework_SID_Excel_Format_v21.0,4,
SID_ABE,6.Party Bill Collection ABE,SID_ABE,6.Business Partner Domain,Information_Framework_SID_Excel_Format_v21.0,4,
SID_ABE,6.Business Partner Payment ABE,SID_ABE,6.Party Bill Collection ABE,Information_Framework_SID_Excel_Format_v21.0,4,
SID_ABE,6.Dunning ABE,SID_ABE,6.Party Bill Collection ABE,Information_Framework_SID_Excel_Format_v21.0,4,
SID_ABE,6.Party Interaction ABE,SID_ABE,6.Business Partner Domain,Information_Framework_SID_Excel_Format_v21.0,4,
SID_ABE,6.Party Problem ABE,SID_ABE,6.Business Partner Domain,Information_Framework_SID_Excel_Format_v21.0,4,
SID_ABE,6.Party Product Specification and Offering ABE,SID_ABE,6.Business Partner Domain,Information_Framework_SID_Excel_Format_v21.0,4,
SID_ABE,6.Party Role Product Offering ABE,SID_ABE,6.Party Product Specification and Offering ABE,Information_Framework_SID_Excel_Format_v21.0,4,
SID_ABE,6.Example Party Role Product Offering Entities ABE,SID_ABE,6.Party Role Product Offering ABE,Information_Framework_SID_Excel_Format_v21.0,4,
SID_ABE,6.Party Role Product Specification ABE,SID_ABE,6.Party Product Specification and Offering ABE,Information_Framework_SID_Excel_Format_v21.0,4,
SID_ABE,6.Example Party Role Product Spec Entities ABE,SID_ABE,6.Party Role Product Specification ABE,Information_Framework_SID_Excel_Format_v21.0,4,
SID_ABE,6.Party Revenue & Settlement ABE,SID_ABE,6.Business Partner Domain,Information_Framework_SID_Excel_Format_v21.0,4,
SID_ABE,6.Party Revenue Sharing ABE,SID_ABE,6.Party Revenue & Settlement ABE,Information_Framework_SID_Excel_Format_v21.0,4,
SID_ABE,6.Party Revenue Share ABE,SID_ABE,6.Party Revenue Sharing ABE,Information_Framework_SID_Excel_Format_v21.0,4,
SID_ABE,6.Party Revenue Share Reconciliation ABE,SID_ABE,6.Party Revenue Sharing ABE,Information_Framework_SID_Excel_Format_v21.0,4,
SID_ABE,6.Party Revenue Sharing Agreement ABE,SID_ABE,6.Party Revenue Sharing ABE,Information_Framework_SID_Excel_Format_v21.0,4,
SID_ABE,6.Party Revenue Sharing Model ABE,SID_ABE,6.Party Revenue Sharing ABE,Information_Framework_SID_Excel_Format_v21.0,4,
SID_ABE,6.Party Settlement ABE,SID_ABE,6.Party Revenue & Settlement ABE,Information_Framework_SID_Excel_Format_v21.0,4,
SID_ABE,6.Party Service Level Agreement ABE,SID_ABE,6.Business Partner Domain,Information_Framework_SID_Excel_Format_v21.0,4,
SID_ABE,6.Party Statistic ABE,SID_ABE,6.Business Partner Domain,Information_Framework_SID_Excel_Format_v21.0,4,
SID_ABE,6.Party Strategy & Plan ABE,SID_ABE,6.Business Partner Domain,Information_Framework_SID_Excel_Format_v21.0,4,
SID_ABE,8.Common Domain,SID_ABE,top,Information_Framework_SID_Excel_Format_v21.0,4,
SID_ABE,8.Account ABE,SID_ABE,8.Common Domain,Information_Framework_SID_Excel_Format_v21.0,4,
SID_ABE,8.Agreement ABE,SID_ABE,8.Common Domain,Information_Framework_SID_Excel_Format_v21.0,4,
SID_ABE,8.Commitment ABE,SID_ABE,8.Agreement ABE,Information_Framework_SID_Excel_Format_v21.0,4,
SID_ABE,8.Base Types ABE,SID_ABE,8.Common Domain,Information_Framework_SID_Excel_Format_v21.0,4,
SID_ABE,8.Base Types Example ABE,SID_ABE,8.Base Types ABE,Information_Framework_SID_Excel_Format_v21.0,4,
SID_ABE,8.Business Interaction ABE,SID_ABE,8.Common Domain,Information_Framework_SID_Excel_Format_v21.0,4,
SID_ABE,8.Disputed Amount ABE,SID_ABE,8.Business Interaction ABE,Information_Framework_SID_Excel_Format_v21.0,4,
SID_ABE,8.Calendar ABE,SID_ABE,8.Common Domain,Information_Framework_SID_Excel_Format_v21.0,4,
SID_ABE,8.Schedule Definition ABE,SID_ABE,8.Calendar ABE,Information_Framework_SID_Excel_Format_v21.0,4,
SID_ABE,8.Capacity ABE,SID_ABE,8.Common Domain,Information_Framework_SID_Excel_Format_v21.0,4,
SID_ABE,8.Catalog ABE,SID_ABE,8.Common Domain,Information_Framework_SID_Excel_Format_v21.0,4,
SID_ABE,8.Entity Catalog ABE,SID_ABE,8.Catalog ABE,Information_Framework_SID_Excel_Format_v21.0,4,
SID_ABE,8.Communication Interaction ABE,SID_ABE,8.Common Domain,Information_Framework_SID_Excel_Format_v21.0,4,
SID_ABE,8.Configuration and Profiling ABE,SID_ABE,8.Common Domain,Information_Framework_SID_Excel_Format_v21.0,4,
SID_ABE,8.Digital Identity ABE,SID_ABE,8.Common Domain,Information_Framework_SID_Excel_Format_v21.0,4,
SID_ABE,8.Location ABE,SID_ABE,8.Common Domain,Information_Framework_SID_Excel_Format_v21.0,4,
SID_ABE,8.Geographic Place ABE,SID_ABE,8.Location ABE,Information_Framework_SID_Excel_Format_v21.0,4,
SID_ABE,8.Geographic Address ABE,SID_ABE,8.Geographic Place ABE,Information_Framework_SID_Excel_Format_v21.0,4,
SID_ABE,8.Symbology ABE,SID_ABE,8.Geographic Place ABE,Information_Framework_SID_Excel_Format_v21.0,4,
SID_ABE,8.Local Place ABE,SID_ABE,8.Location ABE,Information_Framework_SID_Excel_Format_v21.0,4,
SID_ABE,8.OpenGisSFS ABE,SID_ABE,8.Location ABE,Information_Framework_SID_Excel_Format_v21.0,4,
SID_ABE,8.Metric ABE,SID_ABE,8.Common Domain,Information_Framework_SID_Excel_Format_v21.0,4,
SID_ABE,8.Example Metric Entities ABE,SID_ABE,8.Metric ABE,Information_Framework_SID_Excel_Format_v21.0,4,
SID_ABE,8.Metric Definition ABE,SID_ABE,8.Metric ABE,Information_Framework_SID_Excel_Format_v21.0,4,
SID_ABE,8.Metric Definition Dimension ABE,SID_ABE,8.Metric Definition ABE,Information_Framework_SID_Excel_Format_v21.0,4,
SID_ABE,8.Metric Definition Measure ABE,SID_ABE,8.Metric ABE,Information_Framework_SID_Excel_Format_v21.0,4,
SID_ABE,8.Metric Definition Measure Threshold ABE,SID_ABE,8.Metric Definition Measure ABE,Information_Framework_SID_Excel_Format_v21.0,4,
SID_ABE,8.Metric Measure ABE,SID_ABE,8.Metric ABE,Information_Framework_SID_Excel_Format_v21.0,4,
SID_ABE,8.Metric Monitoring ABE,SID_ABE,8.Metric ABE,Information_Framework_SID_Excel_Format_v21.0,4,
SID_ABE,8.Metric Collection ABE,SID_ABE,8.Metric Monitoring ABE,Information_Framework_SID_Excel_Format_v21.0,4,
SID_ABE,8.Metric Job ABE,SID_ABE,8.Metric Monitoring ABE,Information_Framework_SID_Excel_Format_v21.0,4,
SID_ABE,8.Party ABE,SID_ABE,8.Common Domain,Information_Framework_SID_Excel_Format_v21.0,4,
SID_ABE,8.Contact Medium ABE,SID_ABE,8.Party ABE,Information_Framework_SID_Excel_Format_v21.0,4,
SID_ABE,8.Currency ABE,SID_ABE,8.Party ABE,Information_Framework_SID_Excel_Format_v21.0,4,
SID_ABE,8.Identification ABE,SID_ABE,8.Party ABE,Information_Framework_SID_Excel_Format_v21.0,4,
SID_ABE,8.Party Community ABE,SID_ABE,8.Party ABE,Information_Framework_SID_Excel_Format_v21.0,4,
SID_ABE,8.Party Demographic ABE,SID_ABE,8.Party ABE,Information_Framework_SID_Excel_Format_v21.0,4,
SID_ABE,8.Party Organization ABE,SID_ABE,8.Party ABE,Information_Framework_SID_Excel_Format_v21.0,4,
SID_ABE,8.Party Profile ABE,SID_ABE,8.Party ABE,Information_Framework_SID_Excel_Format_v21.0,4,
SID_ABE,8.Party Role Examples ABE,SID_ABE,8.Party ABE,Information_Framework_SID_Excel_Format_v21.0,4,
SID_ABE,8.Party Role Group ABE,SID_ABE,8.Party ABE,Information_Framework_SID_Excel_Format_v21.0,4,
SID_ABE,8.Permission ABE,SID_ABE,8.Party ABE,Information_Framework_SID_Excel_Format_v21.0,4,
SID_ABE,8.Skill ABE,SID_ABE,8.Party ABE,Information_Framework_SID_Excel_Format_v21.0,4,
SID_ABE,8.Party Payment ABE,SID_ABE,8.Common Domain,Information_Framework_SID_Excel_Format_v21.0,4,
SID_ABE,8.Bank ABE,SID_ABE,8.Party Payment ABE,Information_Framework_SID_Excel_Format_v21.0,4,
SID_ABE,8.Payment Method ABE,SID_ABE,8.Party Payment ABE,Information_Framework_SID_Excel_Format_v21.0,4,
SID_ABE,8.Party Privacy ABE,SID_ABE,8.Common Domain,Information_Framework_SID_Excel_Format_v21.0,4,
SID_ABE,8.Party Privacy Profile ABE,SID_ABE,8.Party Privacy ABE,Information_Framework_SID_Excel_Format_v21.0,4,
SID_ABE,8.Party Privacy Profile Type ABE,SID_ABE,8.Party Privacy ABE,Information_Framework_SID_Excel_Format_v21.0,4,
SID_ABE,8.Performance ABE,SID_ABE,8.Common Domain,Information_Framework_SID_Excel_Format_v21.0,4,
SID_ABE,8.Performance Category ABE,SID_ABE,8.Performance ABE,Information_Framework_SID_Excel_Format_v21.0,4,
SID_ABE,8.Performance Category Specification ABE,SID_ABE,8.Performance Category ABE,Information_Framework_SID_Excel_Format_v21.0,4,
SID_ABE,8.Performance Monitoring ABE,SID_ABE,8.Performance ABE,Information_Framework_SID_Excel_Format_v21.0,4,
SID_ABE,8.Performance Collection ABE,SID_ABE,8.Performance Monitoring ABE,Information_Framework_SID_Excel_Format_v21.0,4,
SID_ABE,8.Performance Production ABE,SID_ABE,8.Performance Monitoring ABE,Information_Framework_SID_Excel_Format_v21.0,4,
SID_ABE,8.Performance Specification ABE,SID_ABE,8.Performance ABE,Information_Framework_SID_Excel_Format_v21.0,4,
SID_ABE,8.Performance Threshold ABE,SID_ABE,8.Performance ABE,Information_Framework_SID_Excel_Format_v21.0,4,
SID_ABE,8.Policy ABE,SID_ABE,8.Common Domain,Information_Framework_SID_Excel_Format_v21.0,4,
SID_ABE,8.Policy Application ABE,SID_ABE,8.Policy ABE,Information_Framework_SID_Excel_Format_v21.0,4,
SID_ABE,8.Policy Server ABE,SID_ABE,8.Policy Application ABE,Information_Framework_SID_Excel_Format_v21.0,4,
SID_ABE,8.PolicyApp Role ABE,SID_ABE,8.Policy Application ABE,Information_Framework_SID_Excel_Format_v21.0,4,
SID_ABE,8.Policy Framework ABE,SID_ABE,8.Policy ABE,Information_Framework_SID_Excel_Format_v21.0,4,
SID_ABE,8.Policy Framework Spec ABE,SID_ABE,8.Policy ABE,Information_Framework_SID_Excel_Format_v21.0,4,
SID_ABE,8.Policy Management ABE,SID_ABE,8.Policy ABE,Information_Framework_SID_Excel_Format_v21.0,4,
SID_ABE,8.Policy Structure ABE,SID_ABE,8.Policy ABE,Information_Framework_SID_Excel_Format_v21.0,4,
SID_ABE,8.Policy Action ABE,SID_ABE,8.Policy Structure ABE,Information_Framework_SID_Excel_Format_v21.0,4,
SID_ABE,8.Policy Condition ABE,SID_ABE,8.Policy Structure ABE,Information_Framework_SID_Excel_Format_v21.0,4,
SID_ABE,8.Policy Event ABE,SID_ABE,8.Policy Structure ABE,Information_Framework_SID_Excel_Format_v21.0,4,
SID_ABE,8.Policy Statement ABE,SID_ABE,8.Policy Structure ABE,Information_Framework_SID_Excel_Format_v21.0,4,
SID_ABE,8.Policy Value ABE,SID_ABE,8.Policy Structure ABE,Information_Framework_SID_Excel_Format_v21.0,4,
SID_ABE,8.Policy Variable ABE,SID_ABE,8.Policy Structure ABE,Information_Framework_SID_Excel_Format_v21.0,4,
SID_ABE,8.Project ABE,SID_ABE,8.Common Domain,Information_Framework_SID_Excel_Format_v21.0,4,
SID_ABE,8.Activity ABE,SID_ABE,8.Project ABE,Information_Framework_SID_Excel_Format_v21.0,4,
SID_ABE,8.EntitiesToBeFixedInPh4 ABE,SID_ABE,8.Project ABE,Information_Framework_SID_Excel_Format_v21.0,4,
SID_ABE,8.Project Calendar ABE,SID_ABE,8.Project ABE,Information_Framework_SID_Excel_Format_v21.0,4,
SID_ABE,8.Project Element ABE,SID_ABE,8.Project ABE,Information_Framework_SID_Excel_Format_v21.0,4,
SID_ABE,8.Project Resource ABE,SID_ABE,8.Project ABE,Information_Framework_SID_Excel_Format_v21.0,4,
SID_ABE,8.Project Role ABE,SID_ABE,8.Project ABE,Information_Framework_SID_Excel_Format_v21.0,4,
SID_ABE,8.Project Scope ABE,SID_ABE,8.Project ABE,Information_Framework_SID_Excel_Format_v21.0,4,
SID_ABE,8.SCRUM Blade ABE,SID_ABE,8.Project ABE,Information_Framework_SID_Excel_Format_v21.0,4,
SID_ABE,8.Work Breakdown Structure ABE,SID_ABE,8.Project ABE,Information_Framework_SID_Excel_Format_v21.0,4,
SID_ABE,8.Work Order ABE,SID_ABE,8.Project ABE,Information_Framework_SID_Excel_Format_v21.0,4,
SID_ABE,8.Root Business Entities ABE,SID_ABE,8.Common Domain,Information_Framework_SID_Excel_Format_v21.0,4,
SID_ABE,8.Association ABE,SID_ABE,8.Root Business Entities ABE,Information_Framework_SID_Excel_Format_v21.0,4,
SID_ABE,8.Characteristic ABE,SID_ABE,8.Root Business Entities ABE,Information_Framework_SID_Excel_Format_v21.0,4,
SID_ABE,8.Characteristic Pricing ABE,SID_ABE,8.Characteristic ABE,Information_Framework_SID_Excel_Format_v21.0,4,
SID_ABE,8.Entity Identification ABE,SID_ABE,8.Root Business Entities ABE,Information_Framework_SID_Excel_Format_v21.0,4,
SID_ABE,8.Entity Specification Action ABE,SID_ABE,8.Root Business Entities ABE,Information_Framework_SID_Excel_Format_v21.0,4,
SID_ABE,8.External System Capability ABE,SID_ABE,8.Root Business Entities ABE,Information_Framework_SID_Excel_Format_v21.0,4,
SID_ABE,8.Root Entity Attachment ABE,SID_ABE,8.Root Business Entities ABE,Information_Framework_SID_Excel_Format_v21.0,4,
SID_ABE,8.Entity Specification Attachment Example Instances ABE,SID_ABE,8.Root Entity Attachment ABE,Information_Framework_SID_Excel_Format_v21.0,4,
SID_ABE,8.Root Entity Group ABE,SID_ABE,8.Root Business Entities ABE,Information_Framework_SID_Excel_Format_v21.0,4,
SID_ABE,8.Test ABE,SID_ABE,8.Common Domain,Information_Framework_SID_Excel_Format_v21.0,4,
SID_ABE,8.Usage ABE,SID_ABE,8.Common Domain,Information_Framework_SID_Excel_Format_v21.0,4,
SID_ABE,8.IP Detail Record ABE,SID_ABE,8.Usage ABE,Information_Framework_SID_Excel_Format_v21.0,4,
SID_ABE,8.Usage Example Instances ABE,SID_ABE,8.Usage ABE,Information_Framework_SID_Excel_Format_v21.0,4,
SID_ABE,8.Usage Spec ABE,SID_ABE,8.Usage ABE,Information_Framework_SID_Excel_Format_v21.0,4,
SID_ABE,8.Users and Roles ABE,SID_ABE,8.Common Domain,Information_Framework_SID_Excel_Format_v21.0,4,